customer_id,customer_name,customer_type,industry,contact_person,email,mobile_number,city,province,region,credit_limit,payment_terms,status,created_at,updated_at
CUS0001,EverField Stone City Government,Government,Municipal Government,Gabriel Abad,gabriel_abad@everfieldstonecitygovernment.com,9176850902,Taguig,Metro Manila,NCR,805000,Net 60,ACTIVE,2023-01-05,2024-09-23
CUS0002,SolidValley Horizon Learning Institute,Education,College,Christine De Leon, christine_de_leon@solidvalleyhorizonlearninginstitute.com,9194905402,Angeles,Pampanga,Central Luzon,260000,Net 60,Active,2023-10-22,2024-09-18
CUS0003,SouthHill Stone City Government,Government,Public School District,Janelle Castro,janelle_castro@southhillstonecitygovernment.com,9988248319,Lipa,Batangas,CALABARZON,2845000,Net 60,Inactive,2024-11-24,2026-02-19
CUS0004,FirstLink Line Diagnostic Clinic,Healthcare,Diagnostic Center,Irene Torres,irene_torres@firstlinklinediagnosticclinic.com,9199177010,Tagbilaran,Bohol,Central Visayas,1245000,Net 45,Active,2023-04-09,2023-09-04
CUS0005,CoreAnchor Link General Hospital,Healthcare,Medical Clinic,Vanessa De Leon,vanessa_de_leon@coreanchorlinkgeneralhospital.com,9216356553,Dasmariñas,CAVitE,CALABARZON,900000,Net 30,Active,2025-05-15,2026-02-09
CUS0006,EastGate Gate Business Solutions,Corporate,Logistics,Carla Ramos,carla_ramos@eastgategatebusinesssolutions.com,9197011980,Cebu City,Cebu,Central Visayas,1170000,Net 45,Active,2022-09-29,2023-07-15
CUS0007,GoldenLine Horizon Commercial Center,Retail Business,Computer Store,Albert Soriano,albert_soriano@goldenlinehorizoncommercialcenter.com,9982726223,Malolos,Bulacan,Central Luzon,50000,Net 30,Active,2023-04-15,2023-12-05
CUS0008,LegacyTrail Trail Business Solutions,Corporate,Engineering,Jessica De Leon,jessica_de_leon@legacytrailtrailbusinesssolutions.com,9213240995,Santa Rosa,Laguna,CALABARZON,1115000,Net 45,Active,2024-02-07,2025-12-07
CUS0009,BrightGate Vista Public Service Office,Government,Municipal Government,Alex Valdez,alex_valdez@brightgatevistapublicserviceoffice.com,9351720047,Angeles,Pampanga,Central Luzon,850000,Net 60,Active,2022-04-12,2026-02-07
CUS0010,RedHorizon Works Retail Group,Retail Business,Computer Store,Janelle Domingo,janelle_domingo@redhorizonworksretailgroup.com,9284090991,Tagbilaran,Bohol,Central Visayas,125000,Net 30,Active,2023-04-28,2024-03-05
CUS0011,FirstHill Peak Consulting Group,Corporate,Information Technology,Mark Reyes,mark_reyes@firsthillpeakconsultinggroup.com,9182946265,Cebu City,Cebu,Central Visayas,1880000,Net 30,Active,2022-05-22,2025-10-13
CUS0012,UnityGate Stone Business Solutions,Corporate,Information Technology,Jasmine Rivera,jasmine_rivera@unitygatestonebusinesssolutions.com,9180130770,San Fernando,Pampanga,Central Luzon,1275000,Net 60,Active,2021-11-25,2022-09-07
CUS0013,UnityTrail Valley Technologies Inc.,Corporate,Logistics,Ian Villanueva,ian_villanueva@unitytrailvalleytechnologies.com,9211080752,Quezon City,Metro Manila,NCR,955000,Net 60,Active,2024-04-18,2025-11-23
CUS0014,SolidRiver Point Packaging Industries,Manufacturing,Textile,Dennis Ramos,dennis_ramos@solidriverpointpackagingindustries.com,9984743122,Dasmariñas,Cavite,CALABARZON,1760000,Net 30,Active,2022-06-11,2022-10-08
CUS0015,GrandHill Line Commercial Center,Retail Business,Computer Store,Bernadette Aquino,bernadette_aquino@grandhilllinecommercialcenter.com,9567592820,Angeles,Pampanga,Central Luzon,160000,Net 30,Active,2022-03-29,2025-11-29
CUS0016,SolidGate Line Manufacturing Corporation,Manufacturing,Textile,Katherine Villanueva,katherine_villanueva@solidgatelinemanufacturing.com,9775555982,Manila,Metro Manila,NCR,2125000,Net 45,Active,2022-09-23,2026-04-11
CUS0017,RedWorks Stone Medical Center,Healthcare,Diagnostic Center,Rafael Torres,rafael_torres@redworksstonemedicalcenter.com,9454286721,Taguig,Metro Manila,NCR,1495000,Net 45,Active,2022-10-21,2023-08-04
CUS0018,SilverAxis River Trading Corporation,Retail Business,Electronics,Patrick Domingo,patrick_domingo@silveraxisrivertrading.com,9212212511,Panabo,Davao del Norte,Davao Region,120000,Net 15,Active,2024-04-14,2026-04-16
CUS0019,FirstLine Axis Business Solutions,Corporate,Consulting,Jasmine Reyes,jasmine_reyes@firstlineaxisbusinesssolutions.com,9811585966,Antipolo,Rizal,CALABARZON,335000,Net 30,Active,2023-12-12,2025-12-12
CUS0020,BlackCenter Wood Trading Corporation,Retail Business,Office Supplies,Jasmine Navarro,jasmine_navarro@blackcenterwoodtrading.com,9569906189,Dasmariñas,Cavite,CALABARZON,195000,Net 30,Active,2024-06-21,2024-08-03
CUS0021,RedStone Harbor Commercial Center,Retail Business,Electronics,Joseph Domingo,joseph_domingo@redstoneharborcommercialcenter.com,9185150103,Mandaue,Cebu,Central Visayas,100000,Net 15,Active,2025-06-06,2026-06-25
CUS0022,CoreLink Vista Consulting Group,Corporate,Logistics,David Santos,david_santos@corelinkvistaconsultinggroup.com,9200296859,Pasig,Metro Manila,NCR,675000,Net 45,Active,2023-05-03,2025-12-21
CUS0023, SouthPeak Hill Trading Corporation,Retail Business,Electronics,Eric Reyes,eric_reyes@southpeakhilltrading.com,9985491062,Antipolo,Rizal,CALABARZON,55000,Net 30,ACTIVE,2025-05-01,2026-06-25
CUS0024,SouthForge Axis Retail Group,Retail Business,Office Supplies,Carlo Garcia,carlo_garcia@southforgeaxisretailgroup.com,9452519636,Quezon City,Metro Manila,NCR,90000,Net 15,Active,2024-04-23,2025-07-27
CUS0025,GreenHarbor Hill Industrial Corporation,Manufacturing,Food Manufacturing,Shiela Pascual,shiela_pascual@greenharborhillindustrial.com,9982253256,Balanga,Bataan,Central Luzon,1300000,Net 45,Active,2022-01-03,2026-03-02
CUS0026,TrueField Wood Technologies Inc.,Corporate,Logistics,Sophia Villanueva,sophia_villanueva@truefieldwoodtechnologies.com,9819164994,Makati,Metro Manila,NCR,1610000,Net 30,Active,2023-08-24,2023-12-29
CUS0027,SilverHill Point Business Solutions,Corporate,Consulting,Aaron Gonzales,aaron_gonzales@silverhillpointbusinesssolutions.com,9453038308,Malolos,Bulacan,Central Luzon,910000,Net 30,Active,2024-02-01,2026-01-22
CUS0028,EastCenter Stone Academy,Education,Training Center,Vanessa Ocampo,vanessa_ocampo@eastcenterstoneacademy.com,9772250632,Iloilo City,Iloilo,Western Visayas,595000,Net 30,Active,2023-10-22,2023-12-08
CUS0029,BluePoint Peak State College,Education,Academy,Ryan Pascual,ryan_pascual@bluepointpeakstatecollege.com,9810689721,Bacolod,Negros Occidental,Western Visayas,610000,Net 30,Active,2023-08-26,2026-03-08
CUS0030,RedLink Hill Holdings Corporation,Corporate,Engineering,Hazel Aqquino,hazel_aquino@redlinkhillholdings.com,9662744597, Taguig,Metro Manila,NCR,1840000,Net 45,Active,2023-04-11,2025-08-22
CUS0031,EverWood Wood Technologies Inc.,Corporate,Consulting,Paul Ocampo, paul_ocampo@everwoodwoodtechnologies.com,9179026715,Mandaue,Cebu,Central Visayas,1285000,Net 60,Active,2024-11-16,2025-06-15
CUS0032,FrontierLine Reach Industrial Corporation,Manufacturing,Electronics Manufacturing,Daniel Luna,daniel_luna@frontierlinereachindustrial.com,9284215690,Biñan,Laguna,CALABARZON,1905000,Net 30,Active,2021-11-13,2025-02-19
CUS0033,ClearField Center Holdings Corporation,Corporate,Telecommunications,Maria Aguilar,maria_aguilar@clearfieldcenterholdings.com,9455310486,Pasig,Metro Manila,NCR,980000,Net 30,Inactive,2024-10-01,2025-03-11
CUS0034,NorthCenter Hill Trading Corporation,Retail Business,Supermarket,Daisy Aguilar,daisy_aguilar@northcenterhilltrading.com,9206713246,Balanga,Bataan,Central Luzon,250000,Net 30,Active,2023-01-04,2025-09-13
CUS0035,RedHill Gate Municipal Government,Government,Municipal Government,Hazel Torres,hazel_torres@redhillgatemunicipalgovernment.com,9811833041,Santa  Rosa,Laguna,CALABARZON,1505000,Net 60,Active,2021-10-30,2025-08-01
CUS0036,EastStone Harbor Holdings Corporation,Corporate,Engineering,eMmaNUeL ReyEs,emmanuel_reyes@eaststoneharborholdings.com,9192753452,Dasmariñas ,Cavite,CALABARZON,910000,Net 60,Active,2024-04-21,2024-11-29
CUS0037,ClearStone Edge Commercial Center,Retail  Business,Furniture,Gabriel Garcia,gabriel_garcia@clearstoneedgecommercialcenter.com,9206452818,Panabo,Davao del Norte,Davao Region,245000,Net 15,Active,2023-11-17,2025-04-05
CUS0038,PrimeLink Forge Technologies Inc.,Corporate,Engineering,Ramon Romero,ramon_romero@primelinkforgetechnologies.com,9211712013,Roxas,Capiz,Western Visayas,1685000,Net 45,Active,2022-01-31,2024-04-27
CUS0039,GrandWorks Hill Commercial Center,Retail Business,Furniture,Camille Hernandez,camille_hernandez@grandworkshillcommercialcenter.com,9281663579,Roxas,Capiz,Western Visayas,115000,Net 30,Active,2024-02-01,2024-06-20
CUS0040,PrimeTrail Axis Public Service Office,Government,City Government,Camille Garcia,camille_garcia@primetrailaxispublicserviceoffice.com,9772186266,Mandaue,Cebu,Central Visayas,2580000,Net 60,Active,2021-08-27,2024-12-26
CUS0041,WestEdge Harbor Packaging Industries ,Manufacturing,Packaging,Janellle Abad,janelle_abad@westedgeharborpackagingindustries.com,9816410026,Makati,Metro Manila,NCR,655000,Net 45,Active,2022-08-26,2025-07-03
CUS0042,SolidHorizon Reach Technologies Inc.,Corporate,Logistics,Angela Soriano,angela_soriano@solidhorizonreachtechnologies.com,9779305708,bacOlOD,Negros Occidental,Western Visayas,965000,Net 60,Active,2022-04-07,2025-05-24
CUS0043,UnityPoint Stone Public Service Office,Government,City Government,Ramon De Leon,ramon_de_leon@unitypointstonepublicserviceoffice.com,9819625608,Quezon City,Metro Manila,NCR,920000,Net 60,Active,2024-03-15,2025-09-01
CUS0044,SouthWorks Peak Consulting Group,Corporate,Information Technology,AprIl FLOrES,april_flores@southworkspeakconsultinggroup.com,9351192580,Manila,Metro Manila,NCR,1165000,Net 60,Active,2024-01-08,2024-06-06
CUS0045,EastVista Horizon Business Solutions,Corporate,Consulting,Joy Valdez,joy_valdez@eastvistahorizonbusinesssolutions.com,9660092668,Taguig,Metro Manila,NCR,1640000,Net 45,Active,2024-07-07,2025-08-26
CUS0046,LegacyVision Point Learning Institute,Education,Training Center,Anne Ocampo,anne_ocampo@legacyvisionpointlearninginstitute.com,9210640571,Malolos,Bulacan,Central Luzon,410000,Net 60,Active,2022-06-20,2023-11-17
CUS0047,ClearHarbor Stone Holdings Corporation,Corporate,Engineering,Nicole Flores,nicole_flores@clearharborstoneholdings.com,9667689956,Pasig,Metro Manila,NCR,345000,Net 60,Active,2023-10-13,2024-11-17
CUS0048,CoreTrail Peak Holdings Corporation,Corporate,Telecommunications,Ramon Salazar,RAMON_SALAZAR@CORETRAILPEAKHOLDINGS.COM,9989544746,Pasig,Metro Manila,NCR,760000,Net 60,Active,2025-02-06,2025-04-07
CUS0049,CoreCenter Center Business Solutions,Corporate,Telecommunications,Vanessa Bautista,vanessa_bautista@corecentercenterbusinesssolutions.com,9778140983,Tarlac City,Tarlac,Central Luzon,1955000,Net 45,Active,2023-03-26,2024-05-07
CUS0050,EastField  Works Holdings Corporation,Corporate,Consulting,John De Guzman,john_de_guzman@eastfieldworksholdings.com,9199217457,Lapu-Lapu,Cebu,Central Visayas,1415000,Net 60,Active,2022-11-13,2026-07-17
CUS0051,FirstWorks Harbor General Hospital,Healthcare,Medical Clinic,Christian Castro,christian_castro@firstworksharborgeneralhospital.com,9986188829,Iligan,Lanao del Norte,Northern Mindanao,1470000,Net 45,Active,2025-05-04,2026-03-16
CUS0052,LegacyHarbor Edge Consulting Group,Corporate,Accounting Services,Patrick Ocampo,patrick_ocampo@legacyharboredgeconsultinggroup.com,9350960721,Bacolod,Negros Occidental,Western Visayas,525000,Net 60,Active,2021-09-08,2024-12-12
CUS0053,PrimeVista Stone Technologies Inc.,Corporate,Logistics,Janine Valdez,janine_valdez@primevistastonetechnologies.com,9812128033,San Pablo,Laguna,CALABARZON,545000,Net 30,Active,2022-10-19,2023-08-05
CUS0054,WestHarbor Stone Business Solutions,Corporate,Engineering,Carla Hernandez,carla_hernandez@westharborstonebusinesssolutions.com,9289470128,Balanga,Bataan ,Central Luzon,1180000,Net 60,Active,2021-10-16,2025-03-29
CUS0055,SummersetHarbor Axis Holdings Corporation,Corporate,Engieering,Rafael Aguilar,rafael_aguilar@summersetharboraxisholdings.com,9813582445,San Pablo,Lagnua,CALABARZON,1235000,Net 30,Active,2022-04-13,2026-06-23
CUS0056,SummersetCrest Peak Holdings Corporation,Corporate,Telecommunications,Rafael De Guzman,rafael_de_guzman@summersetcrestpeakholdings.com,9183009093,Tagum,Davao del Norte,Davao Region ,490000,Net 60,Active,2022-02-23,2025-06-05
CUS0057,GreenGate Wood State College,Education,University,Carlo Santos,carlo_santos@greengatewoodstatecollege.com,9983632812,Balanga,Bataan,Central Luzon,375000,Net 30,Active,2021-11-08,2025-08-03
CUS0058,NorthForge Gate Business Solutions,Corporate,Logistics ,Lovely De Vera,lovely_de_vera@northforgegatebusinesssolutions.com,9989561475,Quezon City,Metro Manila,NCR,575000,Net 30,Active,2023-11-20,2024-12-30
CUS0059,NorthVision Forge City Government,Government,Nationnal Agency,Eric Romero,eric_romero@northvisionforgecitygovernment.com,9351473732,Angeles,Pampanga,Central Luzon,2500000,Net 60,Active,2023-09-24,2024-03-14
CUS0060,BrightLink Stone Commercial Center,Retail Business,Computer Store,Anthony Romero,anthony_romero@brightlinkstonecommercialcenter.com,9984973608,Panabo,Davao  del Norte,Davao Region,185000,Net 30,aCtIvE,2023-07-08,2023-10-27
CUS0061,ClearHorizon Line Packaging Industries,Manufacturing,Food Manufacturing,Dennis Luna,dennis_luna@clearhorizonlinepackagingindustries.com,9819264867,Davao City,Davao del Sur,Davao Region,2385000,Net 30,Active,2023-11-17,2026-05-15
CUS0062,RedVista Reach Consulting Group,Corporate,Consulting,Camille Pascual,camille_pascual@redvistareachconsultinggroup.com,9562546361,Manila,Metro Manila,NCR,1570000,Net 45,Active,2023-09-22,2023-09-25
CUS0063,TrueEdge Stone Learning Institute,Education,College,Angelica Santos,angelica_santos@trueedgestonelearninginstitute.com,9457649805,Dasmariñas,Cavite,CALABARZON,250000,Net 60,Active,2023-03-07,2025-10-28
CUS0064, BlueCenter Axis University,Education,Academy,Daniel Santos,daniel_santos@bluecenteraxisuniversity.com,9188447761,Quezon City,Metro Manila,NCR,540000,Net 30,Active,2024-12-05,2025-02-04
CUS0065,LegacyWorks Center Retail Group,Retail Business,Supermarket, Daisy Flores,daisy_flores@legacyworkscenterretailgroup.com,9772465654,Tagum,Davao del Norte,Davao Region,240000,Net 15,Inactive,2025-03-25,2026-06-23
CUS0066,WestWood Link State College,Education,Academy, Gerald Rivera,gerald_rivera@westwoodlinkstatecollege.com,9457142431,Quezon City,Metro Manila,NCR,515000,Net 60,Active,2022-01-06,2025-08-05
CUS0067,TrueHill Anchor Technologies Inc.,Corporate,Consulting,Shiela Valdez,shiela_valdez@truehillanchortechnologies.com,9778177134,Bacolod,Negros Occidental,Western Visayas,360000,Net 30,Active,2022-10-06,2024-05-31
CUS0068,GrandBridge Vision City Government,Government,National Agency,Michelle Rivera,michelle_rivera@grandbridgevisioncitygovernment.com,9359392036,Quezon City,Metro Manila,NCR,885000,Net 60,Active,2024-08-11,2024-09-17
CUS0069,GrandField Trail Trading Corporation,Retail Business,Office Supplies,Michelle Pascual,michelle_pascual@grandfieldtrailtrading.com,9185690857,Davao City, Davao del Sur,Davao Region,90000,Net 15,Active,2022-05-26,2023-05-04
CUS0070,TrueAxis Vista Holdings Corporation,Corporate,Telecommunications,Elaine De Vera,elaine_de_vera@trueaxisvistaholdings.com,9202455935,Cebu City,Cebu,Central Visayas,1025000,Net 45,Active,2023-06-14,2026-03-14
CUS0071,PioneerCenter Field University,Education,Training Center,Mark Garcia,mark_garcia@pioneercenterfielduniversity.com,9665951888,Makati,Metro Manila,NCR,465000,Net 30,Active,2023-11-30,2024-12-23
CUS0072,PrimeHarbor Bridge Municipal Government,Government,National Agency,Grace Cruz,grace_cruz@primeharborbridgemunicipalgovernment.com,9199265932,Dasmariñas,Cavite,CALABARZON,1465000,Net 60,Active,2023-04-05,2023-09-08
CUS0073,TrueBridge Edge Medical Center,Healthcare,Hospital,Samuel Ocampo,samuel_ocampo@truebridgeedgemedicalcenter.com,9356109948,Malolos,Bulacan,Central Luzon,905000,Net 30,Active,2023-08-22,2026-01-11
CUS0074,UnityEdge Valley Industrial Corporation,Manufacturing,Electronics Manufacturing,Daniel Gonzales,daniel_gonzales@unityedgevalleyindustrial.com,9182964691,Manila,Metro Manila,NCR,1340000,Net 60,Active,2024-02-11,2026-02-14
CUS0075,PrimeStone Works Medical Center,Healthcare,Diagnostic Center,Christian Mendoza,christian_mendoza@primestoneworksmedicalcenter.com,9779073003,Manila,Metro Manila,NCR,705000,Net 45,Active,2024-10-06,2026-03-17
CUS0076,BlueForge River Manufacturing Corporation,Manufacturing,Electronics Manufacturing,Shiela Castro,shiela_castro@blueforgerivermanufacturing.com,9984292552,Cebu City,Cebu,Central Visayas,870000,Net 60,Active,2025-01-13,2025-04-09
CUS0077,SummersetReach Vista Municipal Government,Government,Public School District,Vanessa Domingo,vanessa_domingo@summersetreachvistamunicipalgovernment.com,9194769780,San Pablo,Laguna,CALABARZON,2355000,Net 60,Active,2023-07-18,2025-06-27
CUS0078,PioneerPoint Field Trading Corporation,Retail Business,Electronics,Irene Aguilar,irene_aguilar@pioneerpointfieldtrading.com,9171504729,Biñan,Laguna,CALABARZON,70000,Net 15,Active,2023-09-09,2025-03-30
CUS0079,FrontierHill Trail Retail Group,Retail Business,Furniture,Irene Valdez,irene_valdez@frontierhilltrailretailgroup.com,9981557073,San Fernando,Pampanga,Central Luzon,135000,Net 30,Active,2023-08-15,2025-06-01
CUS0080,WestWorks Valley Manufacturing Corporation,Manufacturing,Textile,Julia Reyes,julia_reyes@westworksvalleymanufacturing.com,9192018658,Taguig,Metro Manila ,NCR,1420000,Net 60,Active,2023-01-05,2024-05-17
CUS0081,BlackHorizon Line Consulting Group,Corporate,Acccounting Services,Rose Aguilar,rose_aguilar@blackhorizonlineconsultinggroup.com,9983382742,tarlac city,Tarlac,Central Luzon,440000,Net 45,Active,2024-05-03,2026-01-16
CUS0082,RedTrail Center State College,Education,Academy,Angela Aquino,angela_aquino@redtrailcenterstatecollege.com,9668471861,Tarlac City,Tarlac,CEntRaL luzOn,475000,Net 60,Active,2023-10-28,2026-04-17
CUS0083,BlackHill Horizon Academy,Education,University,Eric Rivera,eric_rivera@blackhillhorizonacademy.com,9814996881,Roxas,Capiz,Western Visayas,700000,Net 30,Active,2023-03-08,2024-12-31
CUS0084,NorthCrest Field Retail Group,ReTaIL BuSinESs,Electronics,Kenneth Domingo,kenneth_domingo@northcrestfieldretailgroup.com,9987701637,Calamba,Laguna,CALABARZON ,85000,Net 15,Active,2021-07-30,2022-05-15
CUS0085,PioneerAnchor Hill Diagnostic Clinic,Healthcare,Hospital,KristineA guilar,KRISTINE_AGUILAR@PIONEERANCHORHILLDIAGNOSTICCLINIC.COM,9772763302,Antipolo,Rizal,CALABARZON,575000,Net 45,Active,2023-09-25,2025-06-11
CUS0086,CoreVista Vision Holdings Corporation,Corporate,Telecommunications,Anthony Gonzales,anthony_gonzales@corevistavisionholdings.com,9280406763,San Fernando,Pampanga,Central Luzon,1230000,Net 60,Active,2023-11-20,2024-03-30
CUS0087,GreenHill Stone Municipal Government,Government,Public School District,Jasmine Torres,jasmine_torres@greenhillstonemunicipalgovernment.com,9201431362,Lipa,Batangas,CALABARZON,2350000,Net 60,Active,2024-01-04,2025-01-28
CUS0088,SilverRiver Vista City Government, Government,Public School District,Paolo Aguilar,paolo_aguilar@silverrivervistacitygovernment.com,9772438356,Biñan,Laguna,CALABARZON,2825000,Net 60,Active,2021-12-26,2023-02-05
CUS0089,BlackPoint Anchor Retail Group,Retail Business,Computer Store,Paul Hernandez,paul_hernandez@blackpointanchorretailgroup.com,9561176117,Taguig,Metro Manila,NCR,75000,Net 15,Active,2022-10-10,2026-01-07
CUS0090,TruePeak Horizon Diagnostic Clinic,Healthcare,Hospital,Bernadette De Leon,bernadette_de_leon@truepeakhorizondiagnosticclinic.com,9358331172,Iligan,Lanao del Norte,Northern Mindanao,770000,Net 30,Active,2024-08-11,2025-02-11
CUS0091,SummersetWorks Gate Business Solutions,Corporate,Telecommunications,Alvin Dela Cruz,alvin_dela_cruz@summersetworksgatebusinesssolutions.com,9458662575,San Fernando,Pampanga,Centra Luzon,1890000,Net 60,Active,2023-12-28,2026-03-01
CUS0092,GoldenGate Hill Learning Institute,Education, University,Edgar Salazar,edgar_salazar@goldengatehilllearninginstitute.com,9212957036,Quezon City,Metro Manila,NCR,200000,Net 30,Active,2022-04-12,2023-06-21
CUS0093,EastHarbor Axis Public Service Office,Government,Public School District,Liza Abad,liza_abad@eastharboraxispublicserviceoffice.com,9771689100,San Fernando,Pampanga,Central Luzon,1100000,Net 60,Active,2023-09-27,2024-07-07
CUS0094,SilverCenter Center University,Education,College,Kristine Flores,kristine_flores@silvercentercenteruniversity.com,9188479719,Cagayan de Oro,Misamis Oriental,Northern Mindanao,560000,Net 60,Active,2025-02-24,2026-06-02
CUS0095,EastCrest Stone Technologies Inc.,Corporate,Accounting Services,Patricia Romero,patricia_romero@eastcreststonetechnologies.com,9986401994,Santa Rosa,Laguna,CALABARZON,1040000,Net 60,Active,2023-12-21,2026-02-07
CUS0096,SolidAxis Reach State College,Education,Training Center,Francis Aquino,francis_aquino@solidaxisreachstatecollege.com,9811353632,tAgbIlaRan,Bohol,Central Visayas,190000,Net 60,Active,2023-11-09,2024-04-21
CUS0097,PrimeField Link Municipal Government,Government,City Government,Lovely Luna,lovely_luna@primefieldlinkmunicipalgovernment.com,9216033435,Makati,Metro Manila,NCR,1700000,Net 60,Active,2024-03-27,2025-07-22
CUS0098,PrimeForge Harbor Consulting Group,Corporate,Telecommunications,Grace Torres,grace_torres@primeforgeharborconsultinggroup.com,9358380323,Tagbilaran,Bohol,Central Visayas,1010000,Net 30,Actiive,2023-07-23,2024-12-05
CUS0099, RedPoint Trail Trading Corporation,Retail Business,Supermarket,Christopher Gonzales,christopher_gonzales@redpointtrailtrading.com,9665810070,Cagayan de Oro,Misamis Oriental,Northern Mindanao,195000,Net 30,Active,2024-05-26,2026-03-28
CUS0100,BlackField Edge Holdings Corporation,Corporate,Telecommunications,Jerome Ramos,jerome_ramos@blackfieldedgeholdings.com,9451291312,Santa Rosa,Laguna,CALABARZON,1825000,Net 45,Active,2024-06-29,2026-05-24
CUS0101,SummersetHorizon Crest Commercial Center,Retail Business,Computer Store,Alex Castro,alex_castro@summersethorizoncrestcommercialcenter.com,9660065049,Malolos,Bulacan,Central Luzon,60000,Net 15,aCtivE,2021-08-29,2025-10-17
CUS0102,GrandHorizon Wood City Government,Government,National Agency,Irene Villanueva,irene_villanueva@grandhorizonwoodcitygovernment.com,9288215175,Antipolo,Rizal,CALABARZON,820000,Net 60,Active,2022-11-26,2025-08-08
CUS0103,WestBridge Trail Business Solutions,Corporate,Telecommunications,Joy Mendoza,joy_mendoza@westbridgetrailbusinesssolutions.com,9355436610,Davao City,Davao del Sur,Davao Region,850000,Net 45,Active,2021-12-26,2023-08-24
CUS0104,BlackValley Axis Business Solutions,Corporate,Logistics,Emmanuel Castro,emmanuel_castro@blackvalleyaxisbusinesssolutions.com,9181598092,Dasmariñas,Cavite,CALABARZON,1235000,Net 30,Active,2023-12-02,2026-02-01
CUS0105,EverCrest Valley Manufacturing Corporation,Manufacturing,Packaging,Maria Navarro,maria_navarro@evercrestvalleymanufacturing.com,9213518638,Davao City,Davao del Sur,Davao Region,1995000,Net 60,Active,2021-08-20,2022-03-04
CUS0106,PioneerStone Harbor State College,Education,Academy,Francis De Leon,francis_de_leon@pioneerstoneharborstatecollege.com,9985634638,Biñan,Laguna,CALABARZON,730000,Net 60,Active,2021-08-24,2023-12-26
CUS0107,UrbanValley Trail Industrial Corporation,Manufacturing,Electronics Manufacturing,Kristine Gonzales,kristine_gonzales@urbanvalleytrailindustrial.com,9985669227,Lipa,Batangas,CALABARZON,655000,Net 30,Inactive,2022-08-28,2025-12-01
CUS0108,BrightCenter Link Academy,Education,Training Center,Eric Torres,eric_torres@brightcenterlinkacademy.com,9983583396,Balanga,Bataan ,Central Luzon,340000,Net 30,Active,2023-08-02,2025-01-11
CUS0109,WestLink Gate Industrial Corporation,Manufacturing,Food Manufacturing,Jerome Cruz,jerome_cruz@westlinkgateindustrial.com,9283641168,Davao City,Davao del Sur,Davao Region,1225000,Net 60,Active,2023-05-08,2026-03-13
CUS0110,GoldenReach Hill General Hospital,Healthcare,Medical Clinic,Richard Pascual,richard_pascual@goldenreachhillgeneralhospital.com ,9563469684,Makati,Metro Manila,NCR,625000,Net 30,Active,2025-03-14,2025-10-23
CUS0111,FrontierPeak Bridge City Government,Government,National Agency,Anthony Villanueva,anthony_villanueva@frontierpeakbridgecitygovernment.com,9778836281,Lapu-Lapu,Cebu,Central Visayas,1385000,Net 60,Active,2023-03-25,2024-05-31
CUS0112,LegacyField Reach Consulting Group,Corporate,Telecommunications,Jenny De Leon,jenny_de_leon@legacyfieldreachconsultinggroup.com,9982845838,Bacolod,Negros Occidental,Western Visayas,925000,Net 45,Active,2021-11-22,2022-12-29
CUS0113,BrightRiver Works Business Solutions,Corporate ,Engineering,Samuel Soriano,samuel_soriano@brightriverworksbusinesssolutions.com,9810373811,Antipolo,Rizal,CALABARZON,1025000,Net 45,Active,2024-12-29,2025-06-26
CUS0114,GreenEdge Harbor Consulting Group,Corporate,Logistics,Irene De Leon,irene_de_leon@greenedgeharborconsultinggroup.com,9194883995,Pasig,Metro Manila, NCR,1105000,Net 60,Active,2023-06-30,2024-10-15
CUS0115,PrimeWood Trail Industrial Corporation,Manufacturing,Electronics Manufacturing,Joseph Salazar,joseph_salazar@primewoodtrailindustrial.com,9195808022,Lipa,Batangas,CALABARZON,1480000,Net 45,Active,2024-07-12,2024-08-09
CUS0116,UrbanLink Edge Retail Group,Retail Business,Computer Store,Kenneth Ocampo,kenneth_ocampo@urbanlinkedgeretailgroup.com,9280998403,Pasig,Metro Manila,NCR,180000,Net 30,Active,2025-06-29,2026-05-26
CUS0117,TrueGate Forge Consulting Group,Corporate,Information Technology,Christine Flores,christine_flores@truegateforgeconsultinggroup.com,9177248472,Lipa,Batangas,CALABARZON,1480000,Net 30,Active,2022-11-05,2023-08-12
CUS0118,PioneerEdge Anchor Consulting Group,Corporate,Engineering,Theresa Rivera,theresa_rivera@pioneeredgeanchorconsultinggroup.com,9669857544,Quezon City,Metro Manila,NCR,1125000,Net 45,Active,2024-07-20,2025-03-20
CUS0119,CoreGate River Holdings Corporation,Corporate,Accounting Services,Julia Aguilar,julia_aguilar@coregateriverholdings.com,9177318638,Pasig,Metro Manila,NCR,1985000,Net 45,Active,2021-10-19,2023-08-09
CUS0120,BlueWorks Vista Consulting Group,Corporate,Logistics,Ian Garcia,ian_garcia@blueworksvistaconsultinggroup.com,9660040295,Lapu-Lapu,Cebu,Central Visayas,1545000,Net 45,Active,2022-05-21,2022-11-07
CUS0121,SolidWood Field Trading Corporation,Retail Business,Furniture,Albert Flores,albert_flores@solidwoodfieldtrading.com,9289521910, Malolos,Bulacan,Central Luzon,205000,Net 30,Active,2021-12-02,2025-10-21
CUS0122,UnityAxis Forge Public Service Office,Government,City Government,Patricia Ocampo,patricia_ocampo@unityaxisforgepublicserviceoffice.com,9202369016,Tagbilaran,Bohol,Central Visayas,1215000,Net 60,Active,2023-06-30,2023-08-25
CUS0123,FrontierValley Harbor State College,Education,University,Albert Hernandez,albert_hernandez@frontiervalleyharborstatecollege.com,9288674384,San Pablo,Laguna,CALABARZON,365000,Net 60,Active,2025-06-09,2026-07-19
CUS0124,FirstTrail Peak State College,Education,Training Center,Katherine De Guzman ,katherine_de_guzman@firsttrailpeakstatecollege.com,9566833095,Dasmariñas,Cavite,CALABARZON,650000,Net 60,Active,2024-11-09,2025-08-09
CUS0125,PrimeHill Crest Consulting Group,Corporate,Logistics,Sophia Luna,sophia_luna@primehillcrestconsultinggroup.com,9205857831,Iligan,Lanao del Norte,Northern Mindanao,1470000,Net 45,Active,2025-04-18,2025-10-03
CUS0126,CoreField Valley Manufacturing Corporation,manufacturing,Packaging,Jessica Domingo,jessica_domingo@corefieldvalleymanufacturing.com,9458783595,Antipolo,Rizal,CALABARZON,2015000,Net 45,Active,2023-03-10,2025-05-24
CUS0127,UrbanHorizon Crest Retail Group,Retail Business,Supermarket,Raymond Aguilar,raymond_aguilar@urbanhorizoncrestretailgroup.com,9219908389,Cagayan de Oro ,Misamis Oriental,Northern Mindanao,140000,Net 30,Active,2024-05-26,2024-07-04
CUS0128,GoldenHill Forge Public Service Office,Government,Municipal Government,Paul Castro,paul_castro@goldenhillforgepublicserviceoffice.com,9187853659,Balanga,Bataan,Central Luzon ,1505000,Net 60,Active,2023-08-13,2026-01-02
CUS0129,SummersetStone Peak Manufacturing Corporation,Manufacturing,Electronics Manufacturing,Daisy Domingo,daisy_domingo@summersetstonepeakmanufacturing.com,9810945096,Dasmariñas,Cavite,CALABARZON,2115000,Net 30,Active,2021-11-16,2026-04-24
CUS0130,TrueReach Axis Trading Corporation,Retail Business,Office Supplies,Joshua Salazar,joshua_salazar@truereachaxistrading.com,9218142485,Dasmariñas,Cavite,CALABARZON,65000,Net 15,Active,2022-08-31,2023-01-22
CUS0131,FirstPeak Vision Holdings Corporation,Corporate,Telecommunications,John Valdez,john_valdez@firstpeakvisionholdings.com,9173728729,Iligan,Lanao del Norte,Northern Mindanao,1950000,Net 45,ACTIVE,2024-12-04,2025-12-27
CUS0132,SouthBridge Field Public Service Office,Government,National Agency,Shiela Bautista,shiela_bautista@southbridgefieldpublicserviceoffice.com,9283963780,Manila,Metro Manila,NCR,2700000,Net 60,Active,2024-08-12,2025-11-21
CUS0133,BrightForge River Technologies Inc.,Corporate,Logistics,Angela Cruz,angela_cruz@brightforgerivertechnologies.com,9812576099,Biñan,Laguna,CALABARZON,1805000,Net 30,Active,2024-10-22,2025-06-13
CUS0134,FrontierCenter Anchor Business Solutions,Corporate,Accounting Services,John Pascual,john_pascual@frontiercenteranchorbusinesssolutions.com,9770477544,Tagum,Davao del Norte,Davao Region,1380000,Net 45,Active,2024-11-15,2026-02-08
CUS0135,BlueAxis Works State College,Education,COLLEGE,Aaron De Vera,aaron_de_vera@blueaxisworksstatecollege.com,9352457208,Pasig,Metro Manila,NCR,495000,Net 60,Active,2025-04-08,2026-02-10
CUS0136,SolidStone  Peak Commercial Center,Retail Business,Electronics,Emmannuel Hernandez,emmanuel_hernandez@solidstonepeakcommercialcenter.com,9211318189,Manila,Metro  Manila,NCR,235000,Net 30,Active,2022-05-15,2024-08-12
CUS0137,GrandVista Stone State College,EDUCATION,academy,Francis Luna,francis_luna@grandvistastonestatecollege.com,9198346213,Lipa,Batangas, CALABARZON,540000,Net 60,Active,2022-05-27,2024-03-07
CUS0138,CoreStone Center Packaging Industries,Manufacturing,Electronics Manufacturing,Christopher Mendoza,christopher_mendoza@corestonecenterpackagingindustries.com,9452129860,Tarlac City,Tarlac,Central Luzon,665000,Net 60,Active,2022-12-23,2026-01-10
CUS0139,GoldenWood Hill Medical Center, Healthcare,Diagnostic Center,Jerome Domingo,jerome_domingo@goldenwoodhillmedicalcenter.com,9561285290,Dasmariñas,Cavite,CALABARZON,730000,Net 45,Active,2022-11-05,2024-11-08
CUS0140,PioneerLine Edge Commercial Center,Retail Business,Computer Store,Ben Navarro,ben_navarro@pioneerlineedgecommercialcenter.com,9454411544,Tarlac City,TArlAc,Central Luzon,240000,Net 15,Active,2024-02-23,2024-06-22
CUS0141,FrontierPoint Peak Municipal Government,Government,Municipal Government,Anne Ramos,anne_ramos@frontierpointpeakmunicipalgovernment.com,9180905939,Angeles,Pampanga,Central Luzon,790000,Net 60,Active,2023-04-04,2024-11-02
CUS0142,CoreReach Trail Commercial Center,Retail Business,Office Supplies,Elaine Flores,elaine_flores@corereachtrailcommercialcenter.com,9355848551,San Pablo,Laguna,CALABARZON,150000,Net 15,Active,2024-04-20,2024-05-20
CUS0143,WestVision Hill Learning Institute,Education,College,Kristine Castro,kristine_castro@westvisionhilllearninginstitute.com,9813345980,Cagayan de Oro,Misamis Oriental,Northern Mindanao,175000,Net 60,Active,2024-07-15,2026-05-22
CUS0144,LegacyHorizon Stone State College,Education,Training Center,Janelle Flores,janelle_flores@legacyhorizonstonestatecollege.com,9198176004,Quezon City,Metro Manila,NCR,185000,Net 60,Active,2023-07-24,2023-11-08
CUS0145,GreenRiver Point Manufacturing Corporation,Manufacturing,Food Manufacturing,Irene Pascual,irene_pascual@greenriverpointmanufacturing.com,9774591445,Cebu City,Cebu ,Central Visayas,1015000,Net 60,Active,2024-12-01,2025-07-31
CUS0146,GoldenAnchor Anchor Retail Group,Retail Business,Supermarket,Francis Mendoza,francis_mendoza@goldenanchoranchorretailgroup.com,9214743824,Manila,Metro Manila,NCR,135000,Net 30,Active,2022-04-25,2022-06-13
CUS0147,RedPeak Hill Diagnostic Clinic,Healthcare,Diagnostic Center,John Reyes,john_reyes@redpeakhilldiagnosticclinic.com,9779420184,San Pablo,Laguna,CALABARZON,400000,Net 45,Active,2021-08-06,2025-10-27
CUS0148,SolidLine Line State College,Education,Academy,Richard Garcia,richard_garcia@solidlinelinestatecollege.com,9196750597,Tagbilaran,Bohol,Central Visayas,405000,Net 30,Active,2022-10-04,2024-09-28
CUS0149,TrueLine Hill State College,Education,Training Center,Carla De Leon,carla_de_leon@truelinehillstatecollege.com,9213684152,Quezon City,Metro Manila,NCR,620000,Net 60,Active,2024-08-20,2025-11-28
CUS0150,UrbanCenter Vista Public Service Office,Government,Municipal Government,Anthony Soriano,anthony_soriano@urbancentervistapublicserviceoffice.com,9182711863,Manila,Metro Manila,NCR,2845000,Net 60,Active,2025-02-17,2025-09-04
CUS0151,BlackBridge River Medical Center ,Healthcare,Medical  Clinic,Emmanuel Romero,emmanuel_romero@blackbridgerivermedicalcenter.com,9982942631,Calamba,Laguna,CALABARZON,730000,Net 45,Active,2025-05-04,2026-02-02
CUS0152,UrbanEdge Hill Commercial Center,Retail Business,Electronics,April Dela Cruz,april_dela_cruz@urbanedgehillcommercialcenter.com,9213762334,San Pablo,Laguna,CALABARZON,170000,Net 15,Active,2022-12-16,2026-02-01
CUS0153,GoldenCrest Works Municipal Government,Government,National Agency,Anthony Ocampo,anthony_ocampo@goldencrestworksmunicipalgovernment.com,9208505176,Cebu City,Cebu,Central Visayas,1595000,Net 60,Active,2021-12-15,2025-01-04
CUS0154,UrbanWood Stone Holdings Corporation,Corporate,Consulting,Maria Reyes,maria_reyes@urbanwoodstoneholdings.com,9774839407,Antipolo,rizaL,CALABARZON,1325000,Net 60,Active,2022-03-15,2025-11-04
CUS0155,FirstCrest Vision Retail Group,Retail Business,Office Supplies,Jonathan Valdez,jonathan_valdez@firstcrestvisionretailgroup.com,9567130185,Cagayan de Oro, Misamis Oriental,Northern Mindanao,185000,Net 15,Active,2023-06-20,2025-08-11
CUS0156,SouthAnchor Bridge Holdings Corporation,Corporate,Telecommunications,Francis Santos,francis_santos@southanchorbridgeholdings.com,9772887804,Makati,Metro Manila,NCR,320000,Net 30,Active,2023-11-28,2025-01-04
CUS0157,SummersetCenter Vista Holdings Corporation,Corporate,Logistics,Jessica Abad,jessica_abad@summersetcentervistaholdings.com,9179561827,Malolos,Bulacan,Central Luzon,325000,Net 30,Active,2022-12-14,2025-05-17
CUS0158,NorthLink Valley Holdings Corporation,Corporate,Accounting Services,John Bautista,john_bautista@northlinkvalleyholdings.com,9180387131,San Fernando,Pampanga,Central Luzon,705000,Net 60,Active,2022-07-22,2026-04-04
CUS0159,UrbanPoint Crest Municipal Government,Government,National Agency,Janelle Ocampo,janelle_ocampo@urbanpointcrestmunicipalgovernment.com,9208662398,Cagayan de Oro,Misamis Oriental,Northern Mindanao,1760000,Net 60,Active,2024-05-26,2025-02-13
CUS0160,EastHorizon Horizon General Hospital,Healthcare,Hospital,Maria Luna,maria_luna@easthorizonhorizongeneralhospital.com,9178291657,San Fernando,Pampanga,Central Luzon,475000,Net 45,Active,2024-02-22,2024-12-10
CUS0161,FrontierHarbor Link University,Education,Academy,Marvin De Guzman,marvin_de_guzman@frontierharborlinkuniversity.com,9814176867,Tagum,Davao del Norte,Davao Region,435000,Net 30, Active,2022-11-15,2026-03-22
CUS0162,LegacyWood Center University,Education,Academy,Samuel Abad,samuel_abad@legacywoodcenteruniversity.com,9207297273,Malolos,Bulacan,Central Luzon,230000,Net 60,Active,2024-04-19,2024-11-19
CUS0163,EverHill Works Holdings Corporation,Corporate,Engineering,Francis Santiago,francis_santiago@everhillworksholdings.com,9817929334,Lapu-Lapu,Cebu,Central Visayas,415000,Net 30,Active,2021-08-10,2021-12-02
CUS0164,UnityAnchor Vista Diagnostic Clinic,Healthcare,Medical Clinic,Catherine Salazar,catherine_salazar@unityanchorvistadiagnosticclinic.com,9288380027,Pasig,Metro Manila,NCR,1245000,Net 45,Active,2025-03-03,2026-04-11
CUS0165,TrueVision Center Commercial Center,Retail Business,Furniture,Camille Aquino,camille_aquino@truevisioncentercommercialcenter.com,9981136073,San Fernando,Pampanga,Central Luzon,235000,Net 15,Active,2024-09-14,2025-04-17
CUS0166,SummersetGate Trail Holdings Corporation,Corporate,Telecommunications,Samuel Flores,samuel_flores@summersetgatetrailholdings.com,9182674914,Pasig,Metro Manila,NCR,1235000,Net 45,Active,2024-07-18,2024-08-21
CUS0167,SilverLine Edge Holdings Corporation,CorPoRAte,Information Technology,Dennis Abad,dennis_abad@silverlineedgeholdings.com,9180119812,Santa Rosa,Laguna,CALABARZON,1550000,Net 60,Active,2022-12-20,2026-04-14
CUS0168,BlackLine Horizon Medical Center,Healthcare,Hospital,Maricel Torres,maricel_torres@blacklinehorizonmedicalcenter.com,9203988633,San Fernando,Pampanga,Central Luzon,1100000,Net 30,Active,2021-09-27,2022-06-21
CUS0169,RedLine Field Holdings Corporation,Corporate,Engineering,Christian Flores,christian_flores@redlinefieldholdings.com,9217769981,Panabo,Davao del Norte,Davao Region,1610000,Net 45,Active,2022-01-10,2022-11-22
CUS0170,BlueField Bridge Holdings Corporation,Corporate,Information Technology,Angela Santos,angela_santos@bluefieldbridgeholdings.com,9663371720,Antipolo,Rizal,CALABARZON,990000,Net 45,Active,2025-05-31,2025-07-15
CUS0171,BlackWorks Vista Public Service Office,Government,Municipal Government,Joshua Luna,joshua_luna@blackworksvistapublicserviceoffice.com,9280454582,Taguig,Metro Manila,NCR,1840000,Net 60,Active,2024-08-19,2025-07-31
CUS0172,PrimeHorizon Forge Learning Institute,Education,College,Bea Bautista,bea_bautista@primehorizonforgelearninginstitute.com,9664604625,Manila,Metro Manila,NCR,340000,Net 30,Inactive,2023-06-22,2026-06-22
CUS0173,BrightField Valley Retail Group,Retail Business,Office Supplies,Daisy Rivera,daisy_rivera@brightfieldvalleyretailgroup.com,9457928286,Pasig,Metro Manila,NCR,115000,Net 30,Active,2023-02-14,2024-11-06
CUS0174,EastEdge Vista Learning Institute,Education,Training Center,Patricia Garcia,patricia_garcia@eastedgevistalearninginstitute.com,9568266283,Malolos,Bulacan,Central Luzon,720000,Net 30,Active,2024-08-06,2025-04-19
CUS0175,UnityReach Point Technologies Inc.,Corporate,Logistics ,Nathan Rivera,nathan_rivera@unityreachpointtechnologies.com,9773728437,Dasmariñas,Cavite,CALABARZON,1585000,Net 30,Active,2024-10-29,2025-06-23
CUS0176,CoreWorks Line University,Education,Training Center,Adrian Bautista,adrian_bautista@coreworkslineuniversity.com,9215780757,Manila,Metro Manila,NCR,735000,Net 30,Active,2025-04-28,2026-02-23
CUS0177, PioneerGate Crest Technologies Inc.,Corporate,Telecommunications,Jenny Bautista,jenny_bautista@pioneergatecresttechnologies.com,9210983307,Santa Rosa,Laguna,CALABARZON,545000,Net 60,ACTIVE,2022-10-03,2025-08-10
CUS0178,GoldenLink Axis Consulting Group,Corporate,Engineering,Jasmine Bautista,jasmine_bautista@goldenlinkaxisconsultinggroup.com,9453161357,Tagbilaran,Bohol,Central Visayas,970000,Net 30,Active,2023-11-25,2026-02-04
CUS0179,NorthWorks Reach City Government,Government,City Government,Jerome Valdez,jerome_valdez@northworksreachcitygovernment.com,9816432863,Makati,Metro Manila,NCR,2815000,Net 60,Active,2022-09-29,2026-06-20
CUS0180,GreenHorizon Reach Retail Group,Retail Business,Furniture,Jonathan Reyes,jonathan_reyes@greenhorizonreachretailgroup.com,9770567531,Santa Rosa,Laguna,CALABARZON,245000,Net 15,Active,2024-07-20,2024-09-25
CUS0181,GoldenForge Anchor Commercial Center,Retail Business,Computer Store,Carlo Ocampo,carlo_ocampo@goldenforgeanchorcommercialcenter.com,9189652758,Mandaue,Cebu,Central Visayas,145000,Net 30,Active,2025-01-05,2026-05-04
CUS0182,ClearLink Reach Consulting Group,Corporaet,Telecommunications,Rose Garcia,rose_garcia@clearlinkreachconsultinggroup.com,9662345529,Santa Rosa,Laguna,CALABARZON,1030000,Net 45,Active,2023-02-21,2026-05-22
CUS0183,UnityWood Point State College,Education,Academy,Samuel Bautista,samuel_bautista@unitywoodpointstatecollege.com,9208006770,Calamba,Laguna,CALABARZON,540000,Net 30,Active,2021-12-25,2026-07-18
CUS0184, FrontierHorizon Line Retail Group,Retail Business,Office Supplies,Jessica Reyes,jessica_reyes@frontierhorizonlineretailgroup.com,9564829897,San Fernando,Pampanga,Central Luzon,195000,Net 15,Active,2025-01-29,2025-04-11
CUS0185,BrightVista Peak Consulting Group,Corporate,Accounting Services,Adrian Luna,adrian_luna@brightvistapeakconsultinggroup.com,9196280804,Taguig,Metro Manila,NCR,1480000,Net 60,Active,2022-07-15,2023-07-12
CUS0186,TrueValley  Edge Trading Corporation,Retail Business,Furniture,Jerome Aquino,jerome_aquino@truevalleyedgetrading.com,9668713418,Makati,Metro Manila,NCR,125000,Net 15,Active,2023-02-04,2025-09-03
CUS0187,CoreEdge Wood Commercial Center,Retail Business,Office Supplies,Joy Navarro,joy_navarro@coreedgewoodcommercialcenter.com,9561892880,Quezon City,Metro Manila,NCR,120000,Net 30,Active,2023-11-04,2024-01-25
CUS0188,LegacyRiver Line City Government,Government,Public School District,Nathan Dela Cruz,nathan_dela_cruz@legacyriverlinecitygovernment.com,9172300246,Biñan,Laguna,CALABARZON,865000,Net 60,Active,2024-05-12,2026-05-10
CUS0189,GoldenTrail Wood Consulting Group,Corporate,Consulting,Sophia Reyes,sophia_reyes@goldentrailwoodconsultinggroup.com,9359666068,Makati,Metro Manila,NCR,1945000,Net 30,Active,2025-01-20,2025-07-08
CUS0190,LegacyForge Vista Public Service Office,Govenrment,National Agency,Raymond Dela Cruz,raymond_dela_cruz@legacyforgevistapublicserviceoffice.com,9664180709,Manila,Metro Manila,NCR,900000,Net 60,Inactive,2023-07-01,2024-08-24
CUS0191,RedReach Gate Public Service Office,Government,City Government,Eric De Leon,eric_de_leon@redreachgatepublicserviceoffice.com,9196009259,Mandaue,Cebu,Central Visayas,2145000,Net 60,Active,2022-09-08,2025-07-13
CUS0192,EastReach Anchor University,Education,Training Center,Christine Mendoza,christine_mendoza@eastreachanchoruniversity.com,9817374161,Pasig,Metro Manila,NCR,625000,Net 60,Active,2024-11-06,2025-06-29
CUS0193,EastTrail Edge Consulting Group,Corporate,Telecommunications,Carlo Santiago,carlo_santiago@easttrailedgeconsultinggroup.com,9568405311,San Pablo,Laguna,CALABARZON,745000,Net 45,Active,2022-03-12,2022-09-19
CUS0194, BlueWood Axis General Hospital,Healthcare,Medical Clinic,Arvin Aguilar,arvin_aguilar@bluewoodaxisgeneralhospital.com,9182707575,Malolos,Bulacan,Central Luzon,335000,Net 30,Active,2024-01-24,2026-06-24
CUS0195,NorthLine River Business Solutions,CORPORATE,Engineering,Richard Cruz, richard_cruz@northlineriverbusinesssolutions.com,9211327155,Pasig,Metro Manila,NCR,825000,Net 30,Active,2024-01-20,2025-11-29
CUS0196,SouthHorizon Reach Industrial Corporation,Manufacturing,Electronics Manufacturing,Marvin Gonzales,marvin_gonzales@southhorizonreachindustrial.com,9774157582,Quezon City,Metro Manila,ncr,500000,Net 30,Active,2023-11-02,2026-01-14
CUS0197,BrightBridge Bridge Consulting Group,Corporate,Consulting,Emmanuel Soriano,emmanuel_soriano@brightbridgebridgeconsultinggroup.com,9354765490,Malolos,Bulacan,Central Luzon,450000,Net 30,Active,2024-05-09,2025-01-31
CUS0198,BlueHorizon Anchor City Government,Government,City Government,Gabriel Aquino,gabriel_aquino@bluehorizonanchorcitygovernment.com,9565736288,Balanga,Bataan,Central Luzon,1190000,Net 60,Active ,2022-11-30,2023-02-24
CUS0199,BlueLine Vista Holdings Corporation,Corporate,Telecommunications,Kenneth Aquino,kenneth_aquino@bluelinevistaholdings.com,9187534155,Quezon City,Metro Manila,NCR,1535000,Net 60,Active,2021-09-02,2024-02-04
CUS0200,BlueStone Forge Packaging Industries,Manufacturing,Packaging,Christopher De Leon,christopher_de_leon@bluestoneforgepackagingindustries.com,9569833241,Balanga,Bataan,Central Luzon,1100000,Net 60,Active,2024-06-07,2026-02-24
CUS0201,UnityLink River Diagnostic Clinic,Healthcare,Medical Clinic,Catherine Dela Cruz,catherine_dela_cruz@unitylinkriverdiagnosticclinic.com,9776338066,Makati,Metro Manila,NCR,1340000,Net 45,Active,2022-01-23,2022-04-05
CUS0202,EastLink Bridge Trading Corporation,Retail Business,Supermarket,Samuel Castro,samuel_castro@eastlinkbridgetrading.com,9352605683,Roxas,Capiz,Western Visayas,160000,Net 30,Active,2023-01-07,2023-11-17
CUS0203,CorePoint Bridge Technologies Inc.,Corporate,Engineering,Adrian De Vera,adrian_de_vera@corepointbridgetechnologies.com,9202353269,Quezon City,Metro Manila,NCR,1955000,Net 45,Active,2023-02-03,2025-01-08
CUS0204,SummersetHill Hill State College,Education,Training Center,Rafael Aquino,rafael_aquino@summersethillhillstatecollege.com,9214494515,Makati,Metro Manila,NCR,315000,Net 60,Active,2022-02-28,2022-05-18
CUS0205,TrueTrail Stone University,Education,University,Nathan Aquino,nathan_aquino@truetrailstoneuniversity.com,9359344558,Manila,Metro Manila,NCR,790000,Net 30,Active,2023-08-31,2025-09-05
CUS0206,SolidBridge Vision Municipal Government,Government,Municipal Government,Anne Mendoza, anne_mendoza@solidbridgevisionmunicipalgovernment.com,9561478743,Lapu-Lapu,Cebu,Central Visayas,1200000,Net 60,Active,2024-10-27,2025-12-04
CUS0207,FirstHarbor Anchor City Government,Government,National Agency,Angela Santiago,angela_santiago@firstharboranchorcitygovernment.com,9350295890,Quezon City ,Metro Manila,NCR,1605000,Net 60,Active,2021-10-06,2023-10-06
CUS0208,ClearWood Vision Trading Corporation,Retail Business,Computer Store,Ian De Vera,ian_de_vera@clearwoodvisiontrading.com,9982041433,Manila,Metro Manila,NCR,225000,Net 15,Active,2021-08-15,2024-11-02
CUS0209,NorthStone Peak Trading Corporation,Retail Business,Computer Store,Bea Garcia,bea_garcia@northstonepeaktrading.com ,9192944069,Quezon City,Metro Manila,NCR,195000,Net 30,Active,2022-07-31,2026-02-27
CUS0210,EastWood Crest Technologies Inc.,Corporate,Telecommunications,Julia Rivera,julia_rivera@eastwoodcresttechnologies.com,9177778462,Manila,Metro Manila,NCR,395000,Net 45,Active,2024-11-24,2026-05-17
CUS0211,PrimePoint Hill Trading Corporation,Retail Business,Electronics,Adrian Flores,adrian_flores@primepointhilltrading.com,9209038948,Pasig,Metro Manila,NCR ,245000,Net 15,Active,2025-02-26,2025-08-10
CUS0212,LegacyAnchor Stone Retail Group,Retail Business,Furniture,Aaron Valdez,aaron_valdez@legacyanchorstoneretailgroup.com,9356801552,Manila,Metro Manila,NCR,140000,Net 15,Inactive,2022-02-24,2025-12-17
CUS0213,UrbanTrail Trail Consulting Group,Corporate,Telecommunications,Dennis De Guzman,dennis_de_guzman@urbantrailtrailconsultinggroup.com,9562066298,Iligan,Lanao del Norte,Northern Mindanao,1330000,Net 30,Inactive,2023-03-13,2025-07-18
CUS0214,EastPeak Stone Holdings Corporation,Corporate,Accounting Services,Bernadette Hernandez,bernadette_hernandez@eastpeakstoneholdings.com,9815552794,Quezon City,Metro Manila,NCR,1360000,Net 30,Active,2024-10-01,2024-10-28
CUS0215,TrueCenter Gate Business Solutions,Corporate,Logistics,Raymond De Vera,raymond_de_vera@truecentergatebusinesssolutions.com,9284813705,Tagum,Davao del Norte,Davao Region,1770000,Net 60,Active,2022-02-05,2022-06-02
CUS0216,EastRiver Gate Commercial Center,Retail Business,Office Supplies,Dennis Castro,dennis_castro@eastrivergatecommercialcenter.com,9182454878,Taguig,Metro Manila,NCR,130000,Net 30,Active,2023-04-29,2026-07-02
CUS0217,WestPoint Vision Consulting Group,Corporate,Consulting,Shiela Aguilar,shiela_aguilar@westpointvisionconsultinggroup.com,9209786877,Bacolod,Negros Occidental,Western Visayas,610000,Net 30,Active,2022-04-04,2024-09-11
CUS0218,PioneerPeak Center Industrial Corporation,Manufacturing,Textile,Patrick Santos,patrick_santos@pioneerpeakcenterindustrial.com,9194156763,Taguig,Metro Manila,NCR,2290000,Net 45,Active,2024-01-02,2024-01-28
CUS0219,BrightHarbor Gate Retail Group,Retail Business,Computer Store,Adrian Aguilar,adrian_aguilar@brightharborgateretailgroup.com,9987449348,Cagayan de Oro,Misamis Oriental,Northern Mindanao,100000,Net 30,Active,2022-10-25,2024-01-06
CUS0220,FrontierWood Forge University,Education,University,Albert Aquino,albert_aquino@frontierwoodforgeuniversity.com,9203641487,Tagum,Davao del Norte,Davao Region,285000,Net 30,Active,2023-08-10,2026-05-15
CUS0221,WestPeak Edge Medical Center,Healthcare,Medical Clinic,Nicole Gonzales,nicole_gonzales@westpeakedgemedicalcenter.com,9815223720,Santa Rosa,Laguna,CALABARZON,1105000,Net 45,Active,2023-02-16,2025-10-17
CUS0222,RedForge Edge Business Solutions,Corporate,Consulting,Alvin Pascual,alvin_pascual@redforgeedgebusinesssolutions.com,9666680082,Tarlac City,Tarlac,Central Luzon,1345000,Net 45,Active,2024-01-27,2024-04-15
CUS0223,NorthHorizon Valley Trading Corporation,Retail Business,Computer tSore,Jenny Navarro,jenny_navarro@northhorizonvalleytrading.com,9982399075,Lipa,Batangas,CALABARZON,180000,Net 30,Active,2024-02-08,2026-04-10
CUS0224,UnityStone Bridge Consulting Group,Corporate,Accounting Services,Ben Santiago,ben_santiago@unitystonebridgeconsultinggroup.com,9458144297,Balanga,Bataan,Central Luzon,790000,Net 30,actIve,2024-07-18,2026-03-08
CUS0225,GreenWood Horizon Academy,Education,Academy,John Cruz,john_cruz@greenwoodhorizonacademy.com,9204878215,Tarlac City,Tarlac,Central Luzon,770000,Net 30,Active,2024-10-04,2026-04-03
CUS0226,FrontierGate Wood Business Solutions,Corporate,Logistics,Ryan Cruz,ryan_cruz@frontiergatewoodbusinesssolutions.com,9453987864,Quezon City,Metro Manila,NCR,790000,Net 60,Active,2022-06-09,2023-12-26
CUS0227,PrimeValley Vision Trading Corporation,Retail Business,Computer Store,Ben Abad,ben_abad@primevalleyvisiontrading.com,9190208654,San Fernando,Pampanga,Central Luzon,80000,Net 30,Inactive,2022-03-23,2024-07-31
CUS0228,BlueVision Trail Holdings Corporation,Corporate,Telecommunications,Samuel Cruz,samuel_cruz@bluevisiontrailholdings.com,9818792139,Iligan,Lanao del Norte,Northern Mindanao,770000,Net 60,Active,2024-12-27,2025-06-26
CUS0229,FirstValley Field Business Solutions,Corporate,Accounting Services,John Romero,john_romero@firstvalleyfieldbusinesssolutions.com,9170675219,Panabo,Davao del Norte,Davao Region,1120000,Net 60,Active,2022-06-15,2025-05-05
CUS0230,SummersetWood Harbor Learning Institute,Education,College,Gabriel Domingo,gabriel_domingo@summersetwoodharborlearninginstitute.com,9815220507,Pasig,Metro Manila,NCR,485000,Net 30,Active,2022-11-02,2025-05-08
CUS0231,RedRiver Stone Packaging Industries,Manufacturing,Packaging,Carlo Flores,carlo_flores@redriverstonepackagingindustries.com,9212561264,Cebu City,Cebu,Central Visayas,600000,Net 45,Active,2024-03-01,2025-02-01
CUS0232,UrbanCrest Hill Trading Corporation,Retail Business,Office Supplies,Jenny Santiago,jenny_santiago@urbancresthilltrading.com,9663912175,San Fernando,Pampanga,Central Luzon,95000,Net 30,Active,2024-01-12,2024-11-20
CUS0233,RedHarbor Point General Hospital,Healthcare,medical clinic,Jerome Torres,jerome_torres@redharborpointgeneralhospital.com,9353099944,Quezon City,Metro Manila,NCR,1445000,Net 30,Active,2022-01-18,2024-12-22
CUS0234,SilverVista Line Manufacturing Corporation,Manufacturing,Textile,Arvin Bautista,arvin_bautista@silvervistalinemanufacturing.com,9284998680,Makati,Metro Manila,NCR,1360000,Net 60,Active,2022-09-16,2022-12-28
CUS0235,BlackStone Harbor Manufacturing Corporation,Manufacturing,Packaging,Catherine Ocampo,catherine_ocampo@blackstoneharbormanufacturing.com,9567205434,Iloilo City,Iloilo,Western Visayas,615000,Net 45,Active,2024-04-15,2025-12-14
CUS0236,SummersetVista Axis Business Solutions ,Corporate,Telecommunications,David Abad,david_abad@summersetvistaaxisbusinesssolutions.com,9206247477,Pasig,Metro Manila,NCR,470000,Net 45,Active,2023-07-10,2023-07-28
CUS0237,ClearAxis Center Consulting Group,corporate,Engineering,Daniel Reyes,daniel_reyes@clearaxiscenterconsultinggroup.com,9568381203,Biñan,Laguna,CALABARZON,1100000,Net 45,Active,2021-07-31,2023-03-08
CUS0238,GreenForge Wood Technologies Inc.,Corporate,Engineering,Gerald Salazar,gerald_salazar@greenforgewoodtechnologies.com,9818426524,Angeles,Pampanga,Central Luzon,1700000,Net 45,Active,2022-11-06,2023-12-16
CUS0239,LegacyCenter Axis Commercial Center,Retail Business,Supermarket,Michael Luna,michael_luna@legacycenteraxiscommercialcenter.com,9218431950,Quezon City,Metro Manila,NCR,180000,Net 15,Active,2024-05-20,2024-05-28
CUS0240,SouthLine Point Public Service Office,Government,Municipal Government,Grace De Guzman,grace_de_guzman@southlinepointpublicserviceoffice.com,9771399989,Manila,Metro Manila,NCR,1580000,Net 60,Active,2024-03-05,2025-09-27
CUS0241,SolidVista Wood Packaging Industries,Manufacturing,Food Manufacturing,Elaine Bautista,elaine_bautista@solidvistawoodpackagingindustries.com,9356941637,Manila,Metro Manila, NCR,1735000,Net 60,Active,2022-09-26,2023-01-11
CUS0242,FrontierAnchor Harbor Industrial Corporation,Manufacturing,Food Manufacturing,Liza Torres,liza_torres@frontieranchorharborindustrial.com,9288417013,Tagum,Davao del Norte,Davao Region,1305000,Net 60,Active,2022-12-06,2024-06-29
CUS0243,SilverForge Horizon State College,Education,University,Theresa Pascual,theresa_pascual@silverforgehorizonstatecollege.com,9776923839,Angeles,Pampanga,Central Luzon,565000,Net 60,Active,2024-10-24,2026-01-17
CUS0244,RedCrest Bridge Consulting Group,Corporate,Engineering,RICharD DElA CRUZ,richard_dela_cruz@redcrestbridgeconsultinggroup.com,9219061840,Roxas,Capiz,Western Visayas,1735000,Net 30,Inactive,2023-02-01,2025-07-14
CUS0245,FirstEdge Anchor Consulting Group,Corporate,Accounting Services,Paul Romero,paul_romero@firstedgeanchorconsultinggroup.com,9351668022,Angeles,Pampanga,Central Luzon,695000,Net 45,Active,2023-05-19,2026-07-07
CUS0246,ClearAnchor Link General Hospital,Healthcare,Diagnostic Center,Ben Mendoza,ben_mendoza@clearanchorlinkgeneralhospital.com,9988309284,Pasig,Metro Manila,NCR,1365000,Net 45,Active,2022-04-28,2024-02-05
CUS0247,GoldenRiver Peak Medical Center,Healthcare,Diagnostic Center,Alvin Hernandez,ALVIN_HERNANDEZ@GOLDENRIVERPEAKMEDICALCENTER.COM,9173720605,Panabo,Davao del Norte,Davao Region,720000,Net 45,Active,2024-08-15,2026-01-18
CUS0248,EverBridge Stone Trading Corporation,Retail Business,Furniture,Jessica Pascual,jessica_pascual@everbridgestonetrading.com,9456352277,Taguig,Metro Manila,NCR,205000,Net 30,Active,2025-01-26,2025-07-26
CUS0249,SouthVision Wood Medical Center,Healthcare,Medical Clinic, Mark Rivera,mark_rivera@southvisionwoodmedicalcenter.com ,9200657899,Taguig,Metro Manila,NCR,1375000,Net 30,Active,2022-09-29,2024-08-11
CUS0250,ClearGate Reach Manufacturing Corporation,Manufacturing,Food Manufacturing,Rose Santiago,rose_santiago@cleargatereachmanufacturing.com,9179634697,Manila,Metro Manila,NCR,2190000,Net 45,Active,2024-04-13,2026-04-22
CUS0251,TrueHorizon Crest Learning Institute,Education,Academy,Paolo De Guzman,paolo_de_guzman@truehorizoncrestlearninginstitute.com,9454715374,Lipa,Batangas,CALABARZON,565000,Net 30,Active,2024-06-22,2026-07-11
CUS0252,LegacyReach Vista Packaging Industries,Manufacturing,Packaging,Ramon Dela Cruz,ramon_dela_cruz@legacyreachvistapackagingindustries.com,9779712519,Quezon City,Metro Manila,NCR,1205000,Net 45,Active,2021-08-29,2022-03-08
CUS0253,SummersetValley Reach General Hospital,Healthcare,Medical Clinic,Joseph Castro,joseph_castro@summersetvalleyreachgeneralhospital.com,9560624223,Cebu City,Cebu,Central Visayas,1145000,Net 45,Active,2022-04-12,2023-07-09
CUS0254,BlackForge Line Municipal Government,Government,Public School District,Carla Romero,carla_romero@blackforgelinemunicipalgovernment.com,9171680506,Balanga,Bataan,Central Luzon,1295000,Net 60,Active,2023-02-04,2023-04-30
CUS0255,SummersetAxis Center Consulting Group,Corporate,Logistics,Julia Dela Cruz,julia_dela_cruz@summersetaxiscenterconsultinggroup.com,9195908424,Roxas,Capiz,Western Visayas,680000,Net 45,Active,2022-11-13,2025-06-23
CUS0256,CoreVision Center Consulting Group,Corporate,Accounting Services,Daniel De Leon,daniel_de_leon@corevisioncenterconsultinggroup.com,9282465257,Pasig,Metro Manila,NCR,1180000,Net 45,Active,2024-07-13,2026-07-17
CUS0257,WestAxis Peak Commercial Center,Retail Business, Furniture,Theresa Aquino,theresa_aquino@westaxispeakcommercialcenter.com,9457335777,Panabo,Davao del Norte,Davao Region,80000,Net 30,Active,2025-04-01,2026-05-25
CUS0258,BlueRiver Works Trading Corporation,Retail Business,Office Supplies,Michelle Torres,michelle_torres@blueriverworkstrading.com,9456282318,makati,Metro Manila,NCR,70000,Net 30,Active,2023-03-10,2024-10-12
CUS0259,SummersetPeak Bridge Industrial Corporation,Manufacturing,Packaging,Jerome Ocampo,jerome_ocampo@summersetpeakbridgeindustrial.com,9984609169,Quezon City,Metro Manila,NCR,770000,Net 60,Active,2025-06-06,2026-01-04
CUS0260,NorthPeak Hill Retail Group,Retail Business,Furniture,Bernadette Villanueva,bernadette_villanueva@northpeakhillretailgroup.com,9179095895,Panabo,Davao del Norte,Davao Region,100000,Net 15,Active,2022-12-16,2025-04-26
CUS0261,GreenValley Crest Academy,Education,College,Eric Bautista,eric_bautista@greenvalleycrestacademy.com,9351737456,TARLAC CITY,Tarlac,Central Luzon,325000,Net 30,Active,2024-09-23,2026-01-09
CUS0262,BrightTrail Link Consulting Group,Corporate,Accounting Services,Francis Domingo,francis_domingo@brighttraillinkconsultinggroup.com,9459645065,Calamba,Laguna,CALABARZON,645000,Net 45,ACTIVe,2022-06-12,2022-12-20
CUS0263,NorthWood Link Business Solutions,Corporate,Consulting,Emmanuel Flores,emmanuel_flores@northwoodlinkbusinesssolutions.com,9816460572,Angeles,Pampanga,Central Luzon,1085000,Net 60,Active,2024-04-14,2025-04-23
CUS0264,UnityPeak Center Retail Group,Retail Business,Computer Store,Albert Aguilar,albert_aguilar@unitypeakcenterretailgroup.com,9816503581,Taguig,Metro Manila,NCR,150000,Net 15,Active,2023-01-20,2026-05-30
CUS0265,GoldenValley Center Commercial Center,Retail Business,Office Supplies,Adrian Dela Cruz,adrian_dela_cruz@goldenvalleycentercommercialcenter.com,9353627714,Balanga,Bataan,Central Luzon,120000,Net 15,Active,2021-10-03,2022-05-12
CUS0266,FirstVista Harbor General Hospital,Healthcare,Diagnostic Center,Edgar Santiago,edgar_santiago@firstvistaharborgeneralhospital.com,9182242205,Lipa,Batangas,CALABARZON,720000,Net 45,Active,2025-01-28,2025-07-05
CUS0267,BlackVision Peak Packaging Industries,Manufacturing,Packaging,Kevin Ramos,kevin_ramos@blackvisionpeakpackagingindustries.com,9450716237,Santa Rosa,Laguna,CALABARZON,525000,Net 60,ACtiVE,2025-01-19,2026-06-23
CUS0268,EverAxis Gate Technologies Inc.,Corporate,Logistics,Karen Aquino,karen_aquino@everaxisgatetechnologies.com,9813272676,Lapu-Lapu,Cebu,Central Visayas,1650000,Net 30,Active,2023-10-08,2023-11-29
CUS0269,BrightPeak Harbor Manufacturing Corporation,Manufacturing,Packaging,Raymond Flores,raymond_flores@brightpeakharbormanufacturing.com,9983676805,Malolos,Bulacan,Central Luzon,2050000,Net 30,Active,2021-10-09,2023-11-12
CUS0270,NorthGate Center Public Service Office,Government,City Government,April Torres,april_torres@northgatecenterpublicserviceoffice.com,9455205896,Iligan,Lanao del Norte,Northern Mindanao,890000,Net 60,Active,2023-05-23,2026-01-07
CUS0271,SilverHarbor Gate Technologies Inc.,Corporate,Engineering, Ian Bautista,ian_bautista@silverharborgatetechnologies.com,9356393860,Tagum, Davao del Norte,Davao Region,1980000,Net 60,Active,2025-02-04,2025-02-04
CUS0272,CoreCrest Vista Technologies Inc.,Corporate,Engineering,Eric Luna,eric_luna@corecrestvistatechnologies.com,9457273476, Taguig,Metro Manila,NCR,1225000,Net 30,Active,2021-08-02,2022-07-15
CUS0273,SolidCenter Link State College,Education,University,Angeica Mendoza,angelica_mendoza@solidcenterlinkstatecollege.com,9568842604,Balanga,Bataan,Central Luzon,250000,Net 60,Active,2025-06-24,2026-01-03
CUS0274,EverCenter Reach Holdings Corporation,Corporate ,Accounting Services,Gerald Santos,gerald_santos@evercenterreachholdings.com,9563486444,Panabo,Davao del Norte,Davao Region,415000,Net 30,Active,2024-03-31,2024-09-09
CUS0275, ClearVision Point Holdings Corporation,Corporate,Engineerinng,Vincent De Leon,vincent_de_leon@clearvisionpointholdings.com,9283182604,Cagayan de Oro,Misamis Oriental,Northern Mindanao,1365000,Net 30,Active,2024-02-05,2024-04-13
CUS0276,BrightWood Edge Technologies Inc.,Corporate,Consulting,Joy Hernandez,joy_hernandez@brightwoodedgetechnologies.com,9288106030,Taguig,Metro Manila,NCR,1865000,Net 60,active,2025-01-14,2025-01-29
CUS0277,LegacyHill Bridge Retail Group,Retail Business,Computer Store,Shiela Villanueva,SHIELA_VILLANUEVA@LEGACYHILLBRIDGERETAILGROUP.COM,9665063263,Balanga,Bataan,Central Luzon,195000,Net 15,Active,2022-11-15,2023-12-19
CUS0278,GrandPeak Stone Trading Corporation,Retail Business,Electronics,Angela Navarro,angela_navarro@grandpeakstonetrading.com,9982086133,Malolos,Bulacan,Central Luzon,240000,Net 30,Active,2021-09-22,2023-09-16
CUS0279,GreenBridge Works Consulting Group,Corporate,Telecommunications,Raymond Navarro,raymond_navarro@greenbridgeworksconsultinggroup.com,9561741862,Santa Rosa,LaguNa,CALABARZON,395000,Net 30,Active,2022-06-05,2025-08-07
CUS0280,WestForge Vista Medical Center,Healthcare,Diagnostic Center,Joseph Bautista,joseph_bautista@westforgevistamedicalcenter.com,9358246034,Makati,Metro Manila,NCR,1010000,Net 30,Active,2023-06-08,2024-07-11
CUS0281,WestAnchor Edge Holdings Corporation,Corporate,Telecommunications,Princess Villanueva,princess_villanueva@westanchoredgeholdings.com,9561101666,Taguig,Metro Manila,NCR,310000,Net 60,Active,2024-02-21,2025-10-08
CUS0282,FrontierAxis Link Retail Group,Retail Business,Furniture,Patricia Cruz ,patricia_cruz@frontieraxislinkretailgroup.com,9819386841,Iloilo City,Iloilo,Western Visayas,150000,Net 30,Active,2023-04-06,2023-08-25
CUS0283,SolidAnchor Stone Consulting Group ,Corporate,Logistics,Catherine Villanueva,catherine_villanueva@solidanchorstoneconsultinggroup.com,9286060385,Iligan,Lanao del Norte,Northern Mindanao,1990000,Net 30,Active,2024-12-19,2026-01-23
CUS0284,SolidHill Works State College,Education,Academy,Joshua De Guzman,joshua_de_guzman@solidhillworksstatecollege.com,9666699722,Lapu-Lapu,CebU,Central Visayas,290000,Net 30,Active,2022-11-10,2026-01-09
CUS0285,SolidHarbor Anchor Academy,Education,Academy,Maricel Luna,maricel_luna@solidharboranchoracademy.com,9668586468,Malolos,Bulacan,Central Luzon,710000,Net 60,Active,2024-08-18,2025-01-10
CUS0286,PioneerHarbor Bridge Trading Corporation,Reatil Business,Computer Store,Gabriel Aguilar,gabriel_aguilar@pioneerharborbridgetrading.com,9773059819,Pasig,Metro Manila,NCR,245000,Net 15,Inactive,2022-05-02,2023-11-18
CUS0287,SouthValley Field State College,Education,College,Lovely Aguilar,lovely_aguilar@southvalleyfieldstatecollege.com,9289494383,Iloilo City,Iloilo,Western Visayas,795000,Net 30,Active,2023-11-05,2025-09-05
CUS0288,PioneerValley Field Commercial Center,Retail Business,Office Supplies,Arvin Valdez,arvin_valdez@pioneervalleyfieldcommercialcenter.com,9353585905,Antipolo,Rizal,CALABARZON,230000,Net 30,Inactive,2023-08-13,2025-08-25
CUS0289,BrightStone Reach Consulting Group,Corporate,Telecommunications,Princess Navarro,princess_navarro@brightstonereachconsultinggroup.com,9819964339,San Fernando,Pampanga,Central Luzon,915000,Net 45,Active,2022-01-18,2025-08-21
CUS0290,SilverTrail Link University,Education,College,Camille Aguilar,camille_aguilar@silvertraillinkuniversity.com,9350422885,Pasig,Metro Manila,NCR,285000,Net 30,Active,2023-09-10,2026-04-30
CUS0291,BrightValley Gate Technologies Inc.,Corporate,Accounting Services,gerald valdez,gerald_valdez@brightvalleygatetechnologies.com,9281042406,Balanga,Bataan,Central Luzon,1690000,Net 45,Active,2022-03-06,2022-07-12
CUS0292,EastValley Works Commercial Center,Retail Business,Electronics,Mark Villanueva,mark_villanueva@eastvalleyworkscommercialcenter.com,9192612018,Balanga,Bataan,Central Luzon,90000,Net 30,Active,2022-01-08,2024-01-07
CUS0293,EverWorks Works Trading Corporation,Retail Business,Electronics,Raymond De Guzman,raymond_de_guzman@everworksworkstrading.com,9987147401,Malolos,Bulacan,Central Luzon,195000,Net 15,Active,2023-07-24,2023-08-06
CUS0294,SouthCenter Works Holdings Corporation,Corporate,Consulting,Edgar Garcia,edgar_garcia@southcenterworksholdings.com,9214389645,Tarlac City,Tarlac,Central Luzon,350000,Net 60,Active,2021-09-21,2024-06-25
CUS0295,BrightAxis Peak Consulting Group,Corporate,Logistics,David Cruz,david_cruz@brightaxispeakconsultinggroup.com,9986566066,Angeles,Pampanga,Central Luzon,1615000,Net 30,Active,2024-12-18,2025-05-27
CUS0296,EverLine Harbor State College ,Education,College,Liza Santos,liza_santos@everlineharborstatecollege.com,9815677946,Panabo,Davao del Norte,Davao Region,605000,Net 30,ACTIVE,2024-12-28,2026-03-16
CUS0297,SolidWorks Peak Technologies Inc.,Corporate,Engineering,Christian Aguilar,christian_aguilar@solidworkspeaktechnologies.com,9191694535,CEBU CITY,Cebu,Central Visayas,1505000,Net 30,Active,2025-05-14,2025-05-17
CUS0298,TrueWorks Bridge Trading Corporation,Retail Business,Furniture,Emmanuel Navarro,emmanuel_navarro@trueworksbridgetrading.com,9173365830,Balanga,Bataan,Central Luzon,65000,Net 15,Active,2023-12-09,2023-12-31
CUS0299,WestField Center Consulting Group,Corporate,Logistics,Shiela Aquino,shiela_aquino@westfieldcenterconsultinggroup.com,9218989734,Tagbilaran,Bohol,Central Visayas,1100000,Net 45,Active,2023-12-23,2024-11-08
CUS0300,LegacyStone Gate Holdings Corporation,Corporate,Consulting,Lovely Dela Cruz,lovely_dela_cruz@legacystonegateholdings.com,9778238819,Pasig,Metro Manila,NCR,325000,Net 60,Active,2023-10-14,2024-01-14
